"id";"created_on";"description";"end_date";"image_name";"start_date";"title";"updated_on";"person_id"
1;"2024-05-14 05:33:10.901369";"<h1>HELLO ABC 2</h1><p>Dummy ABC 2</p>";"2024-05-15 14:22:00.000000";"51a1db6f-1ddd-457e-b6e4-8c11787dd984.jpg";"2024-05-15 12:36:00.000000";"Event A";"2024-05-14 05:33:10.901369";1
2;"2024-05-14 05:33:21.158657";"<h1>HELLO ABC 2</h1><p>Dummy ABC 2</p>";"2024-05-17 14:22:00.000000";"54d8fc87-f37a-492d-b952-5c8dee5c507a.jpg";"2024-05-16 12:36:00.000000";"Event B";"2024-05-14 05:33:21.158657";1
3;"2024-05-14 05:33:30.415308";"<h1>HELLO ABC 2</h1><p>Dummy ABC 2</p>";"2024-05-17 14:22:00.000000";"22a61e78-7db1-488a-a3c3-57202673ac3f.jfif";"2024-05-17 12:36:00.000000";"Event C";"2024-05-14 05:33:30.415308";1
4;"2024-05-14 05:33:41.898544";"<h1>HELLO ABC 2</h1><p>Dummy ABC 2</p>";"2024-05-20 14:22:00.000000";"87c08445-b703-48d1-87aa-3db9d3b85104.jpg";"2024-05-19 12:36:00.000000";"Event D";"2024-05-14 05:33:41.898544";1
5;"2024-05-14 05:33:52.684492";"<h1>HELLO ABC 2</h1><p>Dummy ABC 2</p>";"2024-05-27 14:22:00.000000";"fb6a9340-6eba-4da8-9909-ceaeac19c37e.jpg";"2024-05-25 12:36:00.000000";"Event E";"2024-05-14 05:33:52.684492";1
6;"2024-05-14 05:46:14.959869";"<h1>HELLO ABC 2</h1><p>Dummy ABC 2</p>";"2024-05-08 14:22:00.000000";"7ec21885-9f99-4545-8167-a7a16ee1d556.avif";"2024-05-08 12:36:00.000000";"Event F";"2024-05-14 05:46:14.959869";1
7;"2024-05-14 05:46:26.753287";"<h1>HELLO ABC 2</h1><p>Dummy ABC 2</p>";"2024-05-01 14:22:00.000000";"a5bca2d9-5e3d-4f37-aa63-c8ad2432ec91.avif";"2024-05-01 12:36:00.000000";"Event G";"2024-05-14 05:46:26.753287";1
8;"2024-05-14 05:47:01.314715";"<h1>HELLO ABC 2</h1><p>Dummy ABC 2</p>";"2024-04-27 14:22:00.000000";"adae3d43-4fb4-4026-aa6e-39e40aa30eef.jpg";"2024-04-25 12:36:00.000000";"Event H";"2024-05-14 05:47:01.314715";1
9;"2024-05-14 05:47:17.613364";"<h1>HELLO ABC 2</h1><p>Dummy ABC 2</p>";"2024-04-12 14:22:00.000000";"a7e96cd9-e37e-4e9e-9a9f-323fd6b9cde0.jpg";"2024-04-10 12:36:00.000000";"Event I";"2024-05-14 05:47:17.613364";1
10;"2024-05-14 05:47:40.104616";"<h1>HELLO ABC 2</h1><p>Dummy ABC 2</p>";"2024-03-10 14:22:00.000000";"55a17d3d-f26e-4d6a-b7ba-968de8f5acfd.jpg";"2024-03-10 12:36:00.000000";"Event J";"2024-05-14 05:47:40.104616";1
11;"2024-05-14 06:35:41.788525";"<h1>HELLO ABC 2</h1><p>Dummy ABC 2</p>";"2024-03-08 14:22:00.000000";"7f25ace9-2d70-42b1-9b68-dbeebc45c932.jpg";"2024-03-08 12:36:00.000000";"Event K";"2024-05-14 06:35:41.789527";1
12;"2024-05-14 07:03:57.890453";"<h1>HELLO ABC 2</h1><p>Dummy ABC 2</p>";"2024-03-06 14:22:00.000000";"51a1db6f-1ddd-457e-b6e4-8c11787dd984.jpg";"2024-03-06 12:36:00.000000";"Event L";"2024-05-14 07:03:57.890453";1
13;"2024-05-14 07:07:16.854674";"<h1>HELLO ABC 2</h1><p>Dummy ABC 2</p>";"2024-03-02 14:22:00.000000";"54d8fc87-f37a-492d-b952-5c8dee5c507a.jpg";"2024-03-02 12:36:00.000000";"Event M";"2024-05-14 07:07:16.854674";1
14;"2024-05-14 07:10:00.737229";"<h1>HELLO ABC 2</h1><p>Dummy ABC 2</p>";"2024-02-27 14:22:00.000000";"22a61e78-7db1-488a-a3c3-57202673ac3f.jfif";"2024-02-27 12:36:00.000000";"Event N";"2024-05-14 07:10:00.737229";1
15;"2024-05-14 07:14:05.318109";"<h1>HELLO ABC 2</h1><p>Dummy ABC 2</p>";"2024-02-25 14:22:00.000000";"7ec21885-9f99-4545-8167-a7a16ee1d556.avif";"2024-02-25 12:36:00.000000";"Event O";"2024-05-14 07:14:05.318109";1
16;"2024-05-14 07:25:32.192523";"<h1>HELLO ABC 2</h1><p>Dummy ABC 2</p>";"2024-02-23 14:22:00.000000";"a5bca2d9-5e3d-4f37-aa63-c8ad2432ec91.avif";"2024-02-23 12:36:00.000000";"Event P";"2024-05-14 07:25:32.192523";1
17;"2024-05-15 04:58:01.850833";"<p>HELLO</p><p>Welcome to a a <strong>new </strong>event.</p>";"2024-05-16 00:57:00.000000";"cbcf83cc-fee0-4049-9786-75e0d69d9413.avif";"2024-05-16 09:57:00.000000";"Event A1";"2024-05-15 04:58:01.851832";1
18;"2024-05-20 12:34:56.789123";"Event 1 description";"2024-05-21 12:34:56.789123";"event1.jpg";"2024-05-19 12:34:56.789123";"Dummy Event";"2024-05-20 12:34:56.789123";1
19;"2024-05-20 12:34:56.789123";"Event 1 description";"2024-05-21 12:34:56.789123";"event1.jpg";"2024-05-19 12:34:56.789123";"Event 1 Title";"2024-05-20 12:34:56.789123";1
20;"2024-05-19 12:34:56.789123";"Event 2 description";"2024-05-20 12:34:56.789123";"event2.jpg";"2024-05-18 12:34:56.789123";"Event 2 Title";"2024-05-19 12:34:56.789123";1
21;"2024-05-18 12:34:56.789123";"Event 3 description";"2024-05-19 12:34:56.789123";"event3.jpg";"2024-05-17 12:34:56.789123";"Event 3 Title";"2024-05-18 12:34:56.789123";1
22;"2024-05-17 12:34:56.789123";"Event 4 description";"2024-05-18 12:34:56.789123";"event4.jpg";"2024-05-16 12:34:56.789123";"Event 4 Title";"2024-05-17 12:34:56.789123";1
23;"2024-05-16 12:34:56.789123";"Event 5 description";"2024-05-17 12:34:56.789123";"event5.jpg";"2024-05-15 12:34:56.789123";"Event 5 Title";"2024-05-16 12:34:56.789123";1
24;"2024-05-15 12:34:56.789123";"Event 6 description";"2024-05-16 12:34:56.789123";"event6.jpg";"2024-05-14 12:34:56.789123";"Event 6 Title";"2024-05-15 12:34:56.789123";1
25;"2024-05-14 12:34:56.789123";"Event 7 description";"2024-05-15 12:34:56.789123";"event7.jpg";"2024-05-13 12:34:56.789123";"Event 7 Title";"2024-05-14 12:34:56.789123";1
26;"2024-05-13 12:34:56.789123";"Event 8 description";"2024-05-14 12:34:56.789123";"event8.jpg";"2024-05-12 12:34:56.789123";"Event 8 Title";"2024-05-13 12:34:56.789123";1
27;"2024-05-12 12:34:56.789123";"Event 9 description";"2024-05-13 12:34:56.789123";"event9.jpg";"2024-05-11 12:34:56.789123";"Event 9 Title";"2024-05-12 12:34:56.789123";1
28;"2024-05-11 12:34:56.789123";"Event 10 description";"2024-05-12 12:34:56.789123";"event10.jpg";"2024-05-10 12:34:56.789123";"Event 10 Title";"2024-05-11 12:34:56.789123";1
29;"2024-05-10 12:34:56.789123";"Event 11 description";"2024-05-11 12:34:56.789123";"event11.jpg";"2024-05-09 12:34:56.789123";"Event 11 Title";"2024-05-10 12:34:56.789123";1
30;"2024-05-09 12:34:56.789123";"Event 12 description";"2024-05-10 12:34:56.789123";"event12.jpg";"2024-05-08 12:34:56.789123";"Event 12 Title";"2024-05-09 12:34:56.789123";1
31;"2024-05-08 12:34:56.789123";"Event 13 description";"2024-05-09 12:34:56.789123";"event13.jpg";"2024-05-07 12:34:56.789123";"Event 13 Title";"2024-05-08 12:34:56.789123";1
32;"2024-05-07 12:34:56.789123";"Event 14 description";"2024-05-08 12:34:56.789123";"event14.jpg";"2024-05-06 12:34:56.789123";"Event 14 Title";"2024-05-07 12:34:56.789123";1
33;"2024-05-06 12:34:56.789123";"Event 15 description";"2024-05-07 12:34:56.789123";"event15.jpg";"2024-05-05 12:34:56.789123";"Event 15 Title";"2024-05-06 12:34:56.789123";1
34;"2024-05-05 12:34:56.789123";"Event 16 description";"2024-05-06 12:34:56.789123";"event16.jpg";"2024-05-04 12:34:56.789123";"Event 16 Title";"2024-05-05 12:34:56.789123";1
35;"2024-05-04 12:34:56.789123";"Event 17 description";"2024-05-05 12:34:56.789123";"event17.jpg";"2024-05-03 12:34:56.789123";"Event 17 Title";"2024-05-04 12:34:56.789123";1
36;"2024-05-03 12:34:56.789123";"Event 18 description";"2024-05-04 12:34:56.789123";"event18.jpg";"2024-05-02 12:34:56.789123";"Event 18 Title";"2024-05-03 12:34:56.789123";1
37;"2024-05-02 12:34:56.789123";"Event 19 description";"2024-05-03 12:34:56.789123";"event19.jpg";"2024-05-01 12:34:56.789123";"Event 19 Title";"2024-05-02 12:34:56.789123";1
38;"2024-05-01 12:34:56.789123";"Event 20 description";"2024-05-02 12:34:56.789123";"event20.jpg";"2024-04-30 12:34:56.789123";"Event 20 Title";"2024-05-01 12:34:56.789123";1
39;"2024-04-30 12:34:56.789123";"Event 21 description";"2024-05-01 12:34:56.789123";"event21.jpg";"2024-04-29 12:34:56.789123";"Event 21 Title";"2024-04-30 12:34:56.789123";1
40;"2024-04-29 12:34:56.789123";"Event 22 description";"2024-04-30 12:34:56.789123";"event22.jpg";"2024-04-28 12:34:56.789123";"Event 22 Title";"2024-04-29 12:34:56.789123";1
41;"2024-04-28 12:34:56.789123";"Event 23 description";"2024-04-29 12:34:56.789123";"event23.jpg";"2024-04-27 12:34:56.789123";"Event 23 Title";"2024-04-28 12:34:56.789123";1
42;"2024-04-27 12:34:56.789123";"Event 24 description";"2024-04-28 12:34:56.789123";"event24.jpg";"2024-04-26 12:34:56.789123";"Event 24 Title";"2024-04-27 12:34:56.789123";1
43;"2024-04-26 12:34:56.789123";"Event 25 description";"2024-04-27 12:34:56.789123";"event25.jpg";"2024-04-25 12:34:56.789123";"Event 25 Title";"2024-04-26 12:34:56.789123";1
44;"2024-04-25 12:34:56.789123";"Event 26 description";"2024-04-26 12:34:56.789123";"event26.jpg";"2024-04-24 12:34:56.789123";"Event 26 Title";"2024-04-25 12:34:56.789123";1
45;"2024-04-24 12:34:56.789123";"Event 27 description";"2024-04-25 12:34:56.789123";"event27.jpg";"2024-04-23 12:34:56.789123";"Event 27 Title";"2024-04-24 12:34:56.789123";1
46;"2024-04-23 12:34:56.789123";"Event 28 description";"2024-04-24 12:34:56.789123";"event28.jpg";"2024-04-22 12:34:56.789123";"Event 28 Title";"2024-04-23 12:34:56.789123";1
47;"2024-04-22 12:34:56.789123";"Event 29 description";"2024-04-23 12:34:56.789123";"event29.jpg";"2024-04-21 12:34:56.789123";"Event 29 Title";"2024-04-22 12:34:56.789123";1
48;"2024-04-21 12:34:56.789123";"Event 30 description";"2024-04-22 12:34:56.789123";"event30.jpg";"2024-04-20 12:34:56.789123";"Event 30 Title";"2024-04-21 12:34:56.789123";1
49;"2024-04-20 12:34:56.789123";"Event 31 description";"2024-04-21 12:34:56.789123";"event31.jpg";"2024-04-19 12:34:56.789123";"Event 31 Title";"2024-04-20 12:34:56.789123";1
50;"2024-04-19 12:34:56.789123";"Event 32 description";"2024-04-20 12:34:56.789123";"event32.jpg";"2024-04-18 12:34:56.789123";"Event 32 Title";"2024-04-19 12:34:56.789123";1
51;"2024-04-18 12:34:56.789123";"Event 33 description";"2024-04-19 12:34:56.789123";"event33.jpg";"2024-04-17 12:34:56.789123";"Event 33 Title";"2024-04-18 12:34:56.789123";1
52;"2024-04-17 12:34:56.789123";"Event 34 description";"2024-04-18 12:34:56.789123";"event34.jpg";"2024-04-16 12:34:56.789123";"Event 34 Title";"2024-04-17 12:34:56.789123";1
53;"2024-04-16 12:34:56.789123";"Event 35 description";"2024-04-17 12:34:56.789123";"event35.jpg";"2024-04-15 12:34:56.789123";"Event 35 Title";"2024-04-16 12:34:56.789123";1
54;"2024-04-15 12:34:56.789123";"Event 36 description";"2024-04-16 12:34:56.789123";"event36.jpg";"2024-04-14 12:34:56.789123";"Event 36 Title";"2024-04-15 12:34:56.789123";1
55;"2024-04-14 12:34:56.789123";"Event 37 description";"2024-04-15 12:34:56.789123";"event37.jpg";"2024-04-13 12:34:56.789123";"Event 37 Title";"2024-04-14 12:34:56.789123";1
56;"2024-04-13 12:34:56.789123";"Event 38 description";"2024-04-14 12:34:56.789123";"event38.jpg";"2024-04-12 12:34:56.789123";"Event 38 Title";"2024-04-13 12:34:56.789123";1
57;"2024-04-12 12:34:56.789123";"Event 39 description";"2024-04-13 12:34:56.789123";"event39.jpg";"2024-04-11 12:34:56.789123";"Event 39 Title";"2024-04-12 12:34:56.789123";1
58;"2024-04-11 12:34:56.789123";"Event 40 description";"2024-04-12 12:34:56.789123";"event40.jpg";"2024-04-10 12:34:56.789123";"Event 40 Title";"2024-04-11 12:34:56.789123";1
59;"2024-04-10 12:34:56.789123";"Event 41 description";"2024-04-11 12:34:56.789123";"event41.jpg";"2024-04-09 12:34:56.789123";"Event 41 Title";"2024-04-10 12:34:56.789123";1
60;"2024-04-09 12:34:56.789123";"Event 42 description";"2024-04-10 12:34:56.789123";"event42.jpg";"2024-04-08 12:34:56.789123";"Event 42 Title";"2024-04-09 12:34:56.789123";1
61;"2024-04-08 12:34:56.789123";"Event 43 description";"2024-04-09 12:34:56.789123";"event43.jpg";"2024-04-07 12:34:56.789123";"Event 43 Title";"2024-04-08 12:34:56.789123";1
62;"2024-04-07 12:34:56.789123";"Event 44 description";"2024-04-08 12:34:56.789123";"event44.jpg";"2024-04-06 12:34:56.789123";"Event 44 Title";"2024-04-07 12:34:56.789123";1
63;"2024-04-06 12:34:56.789123";"Event 45 description";"2024-04-07 12:34:56.789123";"event45.jpg";"2024-04-05 12:34:56.789123";"Event 45 Title";"2024-04-06 12:34:56.789123";1
64;"2024-04-05 12:34:56.789123";"Event 46 description";"2024-04-06 12:34:56.789123";"event46.jpg";"2024-04-04 12:34:56.789123";"Event 46 Title";"2024-04-05 12:34:56.789123";1
65;"2024-04-04 12:34:56.789123";"Event 47 description";"2024-04-05 12:34:56.789123";"event47.jpg";"2024-04-03 12:34:56.789123";"Event 47 Title";"2024-04-04 12:34:56.789123";1
66;"2024-04-03 12:34:56.789123";"Event 48 description";"2024-04-04 12:34:56.789123";"event48.jpg";"2024-04-02 12:34:56.789123";"Event 48 Title";"2024-04-03 12:34:56.789123";1
67;"2024-04-02 12:34:56.789123";"Event 49 description";"2024-04-03 12:34:56.789123";"event49.jpg";"2024-04-01 12:34:56.789123";"Event 49 Title";"2024-04-02 12:34:56.789123";1
68;"2024-04-01 12:34:56.789123";"Event 50 description";"2024-04-02 12:34:56.789123";"event50.jpg";"2024-03-31 12:34:56.789123";"Event 50 Title";"2024-04-01 12:34:56.789123";1
69;"2024-05-20 12:34:56.789123";"Event C1 description";"2024-05-21 12:34:56.789123";"eventC1.jpg";"2024-05-19 12:34:56.789123";"Event C1 Title";"2024-05-20 12:34:56.789123";1
70;"2024-05-20 12:34:56.789123";"Event C2 description";"2024-05-21 12:34:56.789123";"eventC2.jpg";"2024-05-19 12:34:56.789123";"Event C2 Title";"2024-05-20 12:34:56.789123";1
71;"2024-05-20 12:34:56.789123";"Event C3 description";"2024-05-21 12:34:56.789123";"eventC3.jpg";"2024-05-19 12:34:56.789123";"Event C3 Title";"2024-05-20 12:34:56.789123";1
72;"2024-05-22 05:10:44.494845";"<p>Hello June</p>";"2024-06-02 15:10:00.000000";"dd17b5eb-dd93-4588-ba6f-279be3070241.avif";"2024-06-02 12:10:00.000000";"June event";"2024-05-22 05:10:44.494845";1
